id,이름,거주지
신땡땡,26,부천
김땡땡,28,서울
홍길동,20,강원
신땡땡,26,부천
김땡땡,28,서울
홍길동,20,강원
신땡땡,26,부천
김땡땡,28,서울
홍길동,20,강원
신땡땡,26,부천
김땡땡,28,서울
홍길동,20,강원
신땡땡,26,부천
김땡땡,28,서울
홍길동,20,강원
신땡땡,26,부천
김땡땡,28,서울
홍길동,20,강원
신땡땡,26,부천
김땡땡,28,서울
홍길동,20,강원
신땡땡,26,부천
김땡땡,28,서울
홍길동,20,강원
신땡땡,26,부천
김땡땡,28,서울
홍길동,20,강원
신땡땡,26,부천
김땡땡,28,서울
홍길동,20,강원
신땡땡,26,부천
김땡땡,28,서울
홍길동,20,강원
신땡땡,26,부천
김땡땡,28,서울
홍길동,20,강원
신땡땡,26,부천
김땡땡,28,서울
홍길동,20,강원
신땡땡,26,부천
김땡땡,28,서울
홍길동,20,강원
신땡땡,26,부천
김땡땡,28,서울
홍길동,20,강원
신땡땡,26,부천
김땡땡,28,서울
홍길동,20,강원
신땡땡,26,부천
김땡땡,28,서울
홍길동,20,강원
신땡땡,26,부천
김땡땡,28,서울
홍길동,20,강원
신땡땡,26,부천
김땡땡,28,서울
홍길동,20,강원
신땡땡,26,부천
김땡땡,28,서울
홍길동,20,강원
신땡땡,26,부천
김땡땡,28,서울
홍길동,20,강원
신땡땡,26,부천
김땡땡,28,서울
홍길동,20,강원
신땡땡,26,부천
김땡땡,28,서울
홍길동,20,강원
신땡땡,26,부천
김땡땡,28,서울
홍길동,20,강원
신땡땡,26,부천
김땡땡,28,서울
홍길동,20,강원
신땡땡,26,부천
김땡땡,28,서울
홍길동,20,강원
신땡땡,26,부천
김땡땡,28,서울
홍길동,20,강원
신땡땡,26,부천
김땡땡,28,서울
홍길동,20,강원
신땡땡,26,부천
김땡땡,28,서울
홍길동,20,강원
신땡땡,26,부천
김땡땡,28,서울
홍길동,20,강원
신땡땡,26,부천
김땡땡,28,서울
홍길동,20,강원
신땡땡,26,부천
김땡땡,28,서울
홍길동,20,강원
신땡땡,26,부천
김땡땡,28,서울
홍길동,20,강원
신땡땡,26,부천
,28,서울
,20,강원
,26,부천